{"cameraMode":{"drawMode":0,"name":"Shaded","section":"Shading Mode"},"sceneLighting":true,"audioPlay":false,"sceneViewState":{"showFog":true,"showMaterialUpdate":false,"showSkybox":true,"showFlares":true,"showImageEffects":true,"showParticleSystems":true},"in2DMode":false,"pivot":{"x":-1.014211654663086,"y":2.1443238258361818,"z":-0.18134307861328126},"rotation":{"x":-0.06043571978807449,"y":0.9103326201438904,"z":-0.14346414804458619,"w":-0.3834870755672455},"size":7.867404460906982,"orthographic":false}