{"cameraMode":{"drawMode":0,"name":"Shaded","section":"Shading Mode"},"sceneLighting":true,"audioPlay":false,"sceneViewState":{"showFog":true,"showMaterialUpdate":false,"showSkybox":false,"showFlares":true,"showImageEffects":true,"showParticleSystems":true},"in2DMode":false,"pivot":{"x":1.2312898635864258,"y":3.4800004959106447,"z":0.17750024795532227},"rotation":{"x":0.12200029194355011,"y":0.7585423588752747,"z":-0.14863865077495576,"w":0.6226130127906799},"size":17.05681800842285,"orthographic":false}