{"cameraMode":{"drawMode":0,"name":"Shaded","section":"Shading Mode"},"sceneLighting":true,"audioPlay":false,"sceneViewState":{"showFog":true,"showMaterialUpdate":false,"showSkybox":true,"showFlares":true,"showImageEffects":true,"showParticleSystems":true},"in2DMode":false,"pivot":{"x":2.8984375,"y":4.1871337890625,"z":-5.8929290771484379},"rotation":{"x":-0.14510507881641389,"y":0.23648689687252046,"z":-0.03573782742023468,"w":-0.9600918889045715},"size":12.320436477661133,"orthographic":true}