{"cameraMode":{"drawMode":0,"name":"Shaded","section":"Shading Mode"},"sceneLighting":true,"audioPlay":false,"sceneViewState":{"showFog":true,"showMaterialUpdate":false,"showSkybox":true,"showFlares":true,"showImageEffects":true,"showParticleSystems":true},"in2DMode":false,"pivot":{"x":-31.590465545654298,"y":-8.07331657409668,"z":-0.7199457287788391},"rotation":{"x":-0.12771251797676087,"y":0.6950803399085999,"z":-0.12756085395812989,"w":-0.695905327796936},"size":21.774057388305665,"orthographic":false}