{"cameraMode":{"drawMode":0,"name":"Shaded","section":"Shading Mode"},"sceneLighting":true,"audioPlay":false,"sceneViewState":{"showFog":true,"showMaterialUpdate":false,"showSkybox":true,"showFlares":true,"showImageEffects":true,"showParticleSystems":true},"in2DMode":false,"pivot":{"x":-0.8292988538742065,"y":1.6137447357177735,"z":13.642505645751954},"rotation":{"x":0.09130820631980896,"y":-0.03733431175351143,"z":0.0034256845247000458,"w":0.9951164722442627},"size":13.007091522216797,"orthographic":false}