{"cameraMode":{"drawMode":0,"name":"Shaded","section":"Shading Mode"},"sceneLighting":false,"audioPlay":false,"sceneViewState":{"showFog":true,"showMaterialUpdate":false,"showSkybox":false,"showFlares":true,"showImageEffects":true,"showParticleSystems":true},"in2DMode":false,"pivot":{"x":0.0,"y":3.0334746837615969,"z":0.25999999046325686},"rotation":{"x":-0.0012827292084693909,"y":-0.9941992163658142,"z":0.011930967681109906,"w":-0.10688947886228562},"size":3.7746615409851076,"orthographic":false}